MUNICIPIO;CLAVE_ENTIDAD;CLAVE_MUNICIPIO
AGUASCALIENTES;01;001
ASIENTOS;01;002
CALVILLO;01;003
COSÍO;01;004
JESÚS MARÍA;01;005
PABELLÓN DE ARTEAGA;01;006
RINCÓN DE ROMOS;01;007
SAN JOSÉ DE GRACIA;01;008
TEPEZALÁ;01;009
EL LLANO;01;010
SAN FRANCISCO DE LOS ROMO;01;011
NO ESPECIFICADO;01;999
ENSENADA;02;001
MEXICALI;02;002
TECATE;02;003
TIJUANA;02;004
PLAYAS DE ROSARITO;02;005
NO ESPECIFICADO;02;999
COMONDÚ;03;001
MULEGÉ;03;002
LA PAZ;03;003
LOS CABOS;03;008
LORETO;03;009
NO ESPECIFICADO;03;999
CALKINÍ;04;001
CAMPECHE;04;002
CARMEN;04;003
CHAMPOTÓN;04;004
HECELCHAKÁN;04;005
HOPELCHÉN;04;006
PALIZADA;04;007
TENABO;04;008
ESCÁRCEGA;04;009
CALAKMUL;04;010
CANDELARIA;04;011
NO ESPECIFICADO;04;999
ABASOLO;05;001
ACUÑA;05;002
ALLENDE;05;003
ARTEAGA;05;004
CANDELA;05;005
CASTAÑOS;05;006
CUATRO CIÉNEGAS;05;007
ESCOBEDO;05;008
FRANCISCO I. MADERO;05;009
FRONTERA;05;010
GENERAL CEPEDA;05;011
GUERRERO;05;012
HIDALGO;05;013
JIMÉNEZ;05;014
JUÁREZ;05;015
LAMADRID;05;016
MATAMOROS;05;017
MONCLOVA;05;018
MORELOS;05;019
MÚZQUIZ;05;020
NADADORES;05;021
NAVA;05;022
OCAMPO;05;023
PARRAS;05;024
PIEDRAS NEGRAS;05;025
PROGRESO;05;026
RAMOS ARIZPE;05;027
SABINAS;05;028
SACRAMENTO;05;029
SALTILLO;05;030
SAN BUENAVENTURA;05;031
SAN JUAN DE SABINAS;05;032
SAN PEDRO;05;033
SIERRA MOJADA;05;034
TORREÓN;05;035
VIESCA;05;036
VILLA UNIÓN;05;037
ZARAGOZA;05;038
NO ESPECIFICADO;05;999
ARMERÍA;06;001
COLIMA;06;002
COMALA;06;003
COQUIMATLÁN;06;004
CUAUHTÉMOC;06;005
IXTLAHUACÁN;06;006
MANZANILLO;06;007
MINATITLÁN;06;008
TECOMÁN;06;009
VILLA DE ÁLVAREZ;06;010
NO ESPECIFICADO;06;999
ACACOYAGUA;07;001
ACALA;07;002
ACAPETAHUA;07;003
ALTAMIRANO;07;004
AMATÁN;07;005
AMATENANGO DE LA FRONTERA;07;006
AMATENANGO DEL VALLE;07;007
ANGEL ALBINO CORZO;07;008
ARRIAGA;07;009
BEJUCAL DE OCAMPO;07;010
BELLA VISTA;07;011
BERRIOZÁBAL;07;012
BOCHIL;07;013
EL BOSQUE;07;014
CACAHOATÁN;07;015
CATAZAJÁ;07;016
CINTALAPA;07;017
COAPILLA;07;018
COMITÁN DE DOMÍNGUEZ;07;019
LA CONCORDIA;07;020
COPAINALÁ;07;021
CHALCHIHUITÁN;07;022
CHAMULA;07;023
CHANAL;07;024
CHAPULTENANGO;07;025
CHENALHÓ;07;026
CHIAPA DE CORZO;07;027
CHIAPILLA;07;028
CHICOASÉN;07;029
CHICOMUSELO;07;030
CHILÓN;07;031
ESCUINTLA;07;032
FRANCISCO LEÓN;07;033
FRONTERA COMALAPA;07;034
FRONTERA HIDALGO;07;035
LA GRANDEZA;07;036
HUEHUETÁN;07;037
HUIXTÁN;07;038
HUITIUPÁN;07;039
HUIXTLA;07;040
LA INDEPENDENCIA;07;041
IXHUATÁN;07;042
IXTACOMITÁN;07;043
IXTAPA;07;044
IXTAPANGAJOYA;07;045
JIQUIPILAS;07;046
JITOTOL;07;047
JUÁREZ;07;048
LARRÁINZAR;07;049
LA LIBERTAD;07;050
MAPASTEPEC;07;051
LAS MARGARITAS;07;052
MAZAPA DE MADERO;07;053
MAZATÁN;07;054
METAPA;07;055
MITONTIC;07;056
MOTOZINTLA;07;057
NICOLÁS RUÍZ;07;058
OCOSINGO;07;059
OCOTEPEC;07;060
OCOZOCOAUTLA DE ESPINOSA;07;061
OSTUACÁN;07;062
OSUMACINTA;07;063
OXCHUC;07;064
PALENQUE;07;065
PANTELHÓ;07;066
PANTEPEC;07;067
PICHUCALCO;07;068
PIJIJIAPAN;07;069
EL PORVENIR;07;070
VILLA COMALTITLÁN;07;071
PUEBLO NUEVO SOLISTAHUACÁN;07;072
RAYÓN;07;073
REFORMA;07;074
LAS ROSAS;07;075
SABANILLA;07;076
SALTO DE AGUA;07;077
SAN CRISTÓBAL DE LAS CASAS;07;078
SAN FERNANDO;07;079
SILTEPEC;07;080
SIMOJOVEL;07;081
SITALÁ;07;082
SOCOLTENANGO;07;083
SOLOSUCHIAPA;07;084
SOYALÓ;07;085
SUCHIAPA;07;086
SUCHIATE;07;087
SUNUAPA;07;088
TAPACHULA;07;089
TAPALAPA;07;090
TAPILULA;07;091
TECPATÁN;07;092
TENEJAPA;07;093
TEOPISCA;07;094
TILA;07;096
TONALÁ;07;097
TOTOLAPA;07;098
LA TRINITARIA;07;099
TUMBALÁ;07;100
TUXTLA GUTIÉRREZ;07;101
TUXTLA CHICO;07;102
TUZANTÁN;07;103
TZIMOL;07;104
UNIÓN JUÁREZ;07;105
VENUSTIANO CARRANZA;07;106
VILLA CORZO;07;107
VILLAFLORES;07;108
YAJALÓN;07;109
SAN LUCAS;07;110
ZINACANTÁN;07;111
SAN JUAN CANCUC;07;112
ALDAMA;07;113
BENEMÉRITO DE LAS AMÉRICAS;07;114
MARAVILLA TENEJAPA;07;115
MARQUÉS DE COMILLAS;07;116
MONTECRISTO DE GUERRERO;07;117
SAN ANDRÉS DURAZNAL;07;118
SANTIAGO EL PINAR;07;119
CAPITÁN LUIS ÁNGEL VIDAL;07;120
RINCÓN CHAMULA SAN PEDRO;07;121
EL PARRAL;07;122
EMILIANO ZAPATA;07;123
MEZCALAPA;07;124
NO ESPECIFICADO;07;999
AHUMADA;08;001
ALDAMA;08;002
ALLENDE;08;003
AQUILES SERDÁN;08;004
ASCENSIÓN;08;005
BACHÍNIVA;08;006
BALLEZA;08;007
BATOPILAS DE MANUEL GÓMEZ MORÍN;08;008
BOCOYNA;08;009
BUENAVENTURA;08;010
CAMARGO;08;011
CARICHÍ;08;012
CASAS GRANDES;08;013
CORONADO;08;014
COYAME DEL SOTOL;08;015
LA CRUZ;08;016
CUAUHTÉMOC;08;017
CUSIHUIRIACHI;08;018
CHIHUAHUA;08;019
CHÍNIPAS;08;020
DELICIAS;08;021
DR. BELISARIO DOMÍNGUEZ;08;022
GALEANA;08;023
SANTA ISABEL;08;024
GÓMEZ FARÍAS;08;025
GRAN MORELOS;08;026
GUACHOCHI;08;027
GUADALUPE;08;028
GUADALUPE Y CALVO;08;029
GUAZAPARES;08;030
GUERRERO;08;031
HIDALGO DEL PARRAL;08;032
HUEJOTITÁN;08;033
IGNACIO ZARAGOZA;08;034
JANOS;08;035
JIMÉNEZ;08;036
JUÁREZ;08;037
JULIMES;08;038
LÓPEZ;08;039
MADERA;08;040
MAGUARICHI;08;041
MANUEL BENAVIDES;08;042
MATACHÍ;08;043
MATAMOROS;08;044
MEOQUI;08;045
MORELOS;08;046
MORIS;08;047
NAMIQUIPA;08;048
NONOAVA;08;049
NUEVO CASAS GRANDES;08;050
OCAMPO;08;051
OJINAGA;08;052
PRAXEDIS G. GUERRERO;08;053
RIVA PALACIO;08;054
ROSALES;08;055
ROSARIO;08;056
SAN FRANCISCO DE BORJA;08;057
SAN FRANCISCO DE CONCHOS;08;058
SAN FRANCISCO DEL ORO;08;059
SANTA BÁRBARA;08;060
SATEVÓ;08;061
SAUCILLO;08;062
TEMÓSACHIC;08;063
EL TULE;08;064
URIQUE;08;065
URUACHI;08;066
VALLE DE ZARAGOZA;08;067
NO ESPECIFICADO;08;999
AZCAPOTZALCO;09;002
COYOACÁN;09;003
CUAJIMALPA DE MORELOS;09;004
GUSTAVO A. MADERO;09;005
IZTACALCO;09;006
IZTAPALAPA;09;007
LA MAGDALENA CONTRERAS;09;008
MILPA ALTA;09;009
ÁLVARO OBREGÓN;09;010
TLÁHUAC;09;011
TLALPAN;09;012
XOCHIMILCO;09;013
BENITO JUÁREZ;09;014
CUAUHTÉMOC;09;015
MIGUEL HIDALGO;09;016
VENUSTIANO CARRANZA;09;017
NO ESPECIFICADO;09;999
CANATLÁN;10;001
CANELAS;10;002
CONETO DE COMONFORT;10;003
CUENCAMÉ;10;004
DURANGO;10;005
GENERAL SIMÓN BOLÍVAR;10;006
GÓMEZ PALACIO;10;007
GUADALUPE VICTORIA;10;008
GUANACEVÍ;10;009
HIDALGO;10;010
INDÉ;10;011
LERDO;10;012
MAPIMÍ;10;013
MEZQUITAL;10;014
NAZAS;10;015
NOMBRE DE DIOS;10;016
OCAMPO;10;017
EL ORO;10;018
OTÁEZ;10;019
PÁNUCO DE CORONADO;10;020
PEÑÓN BLANCO;10;021
POANAS;10;022
PUEBLO NUEVO;10;023
RODEO;10;024
SAN BERNARDO;10;025
SAN DIMAS;10;026
SAN JUAN DE GUADALUPE;10;027
SAN JUAN DEL RÍO;10;028
SAN LUIS DEL CORDERO;10;029
SAN PEDRO DEL GALLO;10;030
SANTA CLARA;10;031
SANTIAGO PAPASQUIARO;10;032
SÚCHIL;10;033
TAMAZULA;10;034
TEPEHUANES;10;035
TLAHUALILO;10;036
TOPIA;10;037
VICENTE GUERRERO;10;038
NUEVO IDEAL;10;039
NO ESPECIFICADO;10;999
ABASOLO;11;001
ACÁMBARO;11;002
SAN MIGUEL DE ALLENDE;11;003
APASEO EL ALTO;11;004
APASEO EL GRANDE;11;005
ATARJEA;11;006
CELAYA;11;007
MANUEL DOBLADO;11;008
COMONFORT;11;009
CORONEO;11;010
CORTAZAR;11;011
CUERÁMARO;11;012
DOCTOR MORA;11;013
DOLORES HIDALGO CUNA DE LA INDEPENDENCIA NACIONAL;11;014
GUANAJUATO;11;015
HUANÍMARO;11;016
IRAPUATO;11;017
JARAL DEL PROGRESO;11;018
JERÉCUARO;11;019
LEÓN;11;020
MOROLEÓN;11;021
OCAMPO;11;022
PÉNJAMO;11;023
PUEBLO NUEVO;11;024
PURÍSIMA DEL RINCÓN;11;025
ROMITA;11;026
SALAMANCA;11;027
SALVATIERRA;11;028
SAN DIEGO DE LA UNIÓN;11;029
SAN FELIPE;11;030
SAN FRANCISCO DEL RINCÓN;11;031
SAN JOSÉ ITURBIDE;11;032
SAN LUIS DE LA PAZ;11;033
SANTA CATARINA;11;034
SANTA CRUZ DE JUVENTINO ROSAS;11;035
SANTIAGO MARAVATÍO;11;036
SILAO DE LA VICTORIA;11;037
TARANDACUAO;11;038
TARIMORO;11;039
TIERRA BLANCA;11;040
URIANGATO;11;041
VALLE DE SANTIAGO;11;042
VICTORIA;11;043
VILLAGRÁN;11;044
XICHÚ;11;045
YURIRIA;11;046
NO ESPECIFICADO;11;999
ACAPULCO DE JUÁREZ;12;001
AHUACUOTZINGO;12;002
AJUCHITLÁN DEL PROGRESO;12;003
ALCOZAUCA DE GUERRERO;12;004
ALPOYECA;12;005
APAXTLA;12;006
ARCELIA;12;007
ATENANGO DEL RÍO;12;008
ATLAMAJALCINGO DEL MONTE;12;009
ATLIXTAC;12;010
ATOYAC DE ÁLVAREZ;12;011
AYUTLA DE LOS LIBRES;12;012
AZOYÚ;12;013
BENITO JUÁREZ;12;014
BUENAVISTA DE CUÉLLAR;12;015
COAHUAYUTLA DE JOSÉ MARÍA IZAZAGA;12;016
COCULA;12;017
COPALA;12;018
COPALILLO;12;019
COPANATOYAC;12;020
COYUCA DE BENÍTEZ;12;021
COYUCA DE CATALÁN;12;022
CUAJINICUILAPA;12;023
CUALÁC;12;024
CUAUTEPEC;12;025
CUETZALA DEL PROGRESO;12;026
CUTZAMALA DE PINZÓN;12;027
CHILAPA DE ÁLVAREZ;12;028
CHILPANCINGO DE LOS BRAVO;12;029
FLORENCIO VILLARREAL;12;030
GENERAL CANUTO A. NERI;12;031
GENERAL HELIODORO CASTILLO;12;032
HUAMUXTITLÁN;12;033
HUITZUCO DE LOS FIGUEROA;12;034
IGUALA DE LA INDEPENDENCIA;12;035
IGUALAPA;12;036
IXCATEOPAN DE CUAUHTÉMOC;12;037
ZIHUATANEJO DE AZUETA;12;038
JUAN R. ESCUDERO;12;039
LEONARDO BRAVO;12;040
MALINALTEPEC;12;041
MÁRTIR DE CUILAPAN;12;042
METLATÓNOC;12;043
MOCHITLÁN;12;044
OLINALÁ;12;045
OMETEPEC;12;046
PEDRO ASCENCIO ALQUISIRAS;12;047
PETATLÁN;12;048
PILCAYA;12;049
PUNGARABATO;12;050
QUECHULTENANGO;12;051
SAN LUIS ACATLÁN;12;052
SAN MARCOS;12;053
SAN MIGUEL TOTOLAPAN;12;054
TAXCO DE ALARCÓN;12;055
TECOANAPA;12;056
TÉCPAN DE GALEANA;12;057
TELOLOAPAN;12;058
TEPECOACUILCO DE TRUJANO;12;059
TETIPAC;12;060
TIXTLA DE GUERRERO;12;061
TLACOACHISTLAHUACA;12;062
TLACOAPA;12;063
TLALCHAPA;12;064
TLALIXTAQUILLA DE MALDONADO;12;065
TLAPA DE COMONFORT;12;066
TLAPEHUALA;12;067
LA UNIÓN DE ISIDORO MONTES DE OCA;12;068
XALPATLÁHUAC;12;069
XOCHIHUEHUETLÁN;12;070
XOCHISTLAHUACA;12;071
ZAPOTITLÁN TABLAS;12;072
ZIRÁNDARO;12;073
ZITLALA;12;074
EDUARDO NERI;12;075
ACATEPEC;12;076
MARQUELIA;12;077
COCHOAPA EL GRANDE;12;078
JOSÉ JOAQUÍN DE HERRERA;12;079
JUCHITÁN;12;080
ILIATENCO;12;081
NO ESPECIFICADO;12;999
ACATLÁN;13;001
ACAXOCHITLÁN;13;002
ACTOPAN;13;003
AGUA BLANCA DE ITURBIDE;13;004
AJACUBA;13;005
ALFAJAYUCAN;13;006
ALMOLOYA;13;007
APAN;13;008
EL ARENAL;13;009
ATITALAQUIA;13;010
ATLAPEXCO;13;011
ATOTONILCO EL GRANDE;13;012
ATOTONILCO DE TULA;13;013
CALNALI;13;014
CARDONAL;13;015
CUAUTEPEC DE HINOJOSA;13;016
CHAPANTONGO;13;017
CHAPULHUACÁN;13;018
CHILCUAUTLA;13;019
ELOXOCHITLÁN;13;020
EMILIANO ZAPATA;13;021
EPAZOYUCAN;13;022
FRANCISCO I. MADERO;13;023
HUASCA DE OCAMPO;13;024
HUAUTLA;13;025
HUAZALINGO;13;026
HUEHUETLA;13;027
HUEJUTLA DE REYES;13;028
HUICHAPAN;13;029
IXMIQUILPAN;13;030
JACALA DE LEDEZMA;13;031
JALTOCÁN;13;032
JUÁREZ HIDALGO;13;033
LOLOTLA;13;034
METEPEC;13;035
SAN AGUSTÍN METZQUITITLÁN;13;036
METZTITLÁN;13;037
MINERAL DEL CHICO;13;038
MINERAL DEL MONTE;13;039
LA MISIÓN;13;040
MIXQUIAHUALA DE JUÁREZ;13;041
MOLANGO DE ESCAMILLA;13;042
NICOLÁS FLORES;13;043
NOPALA DE VILLAGRÁN;13;044
OMITLÁN DE JUÁREZ;13;045
SAN FELIPE ORIZATLÁN;13;046
PACULA;13;047
PACHUCA DE SOTO;13;048
PISAFLORES;13;049
PROGRESO DE OBREGÓN;13;050
MINERAL DE LA REFORMA;13;051
SAN AGUSTÍN TLAXIACA;13;052
SAN BARTOLO TUTOTEPEC;13;053
SAN SALVADOR;13;054
SANTIAGO DE ANAYA;13;055
SANTIAGO TULANTEPEC DE LUGO GUERRERO;13;056
SINGUILUCAN;13;057
TASQUILLO;13;058
TECOZAUTLA;13;059
TENANGO DE DORIA;13;060
TEPEAPULCO;13;061
TEPEHUACÁN DE GUERRERO;13;062
TEPEJI DEL RÍO DE OCAMPO;13;063
TEPETITLÁN;13;064
TETEPANGO;13;065
VILLA DE TEZONTEPEC;13;066
TEZONTEPEC DE ALDAMA;13;067
TIANGUISTENGO;13;068
TIZAYUCA;13;069
TLAHUELILPAN;13;070
TLAHUILTEPA;13;071
TLANALAPA;13;072
TLANCHINOL;13;073
TLAXCOAPAN;13;074
TOLCAYUCA;13;075
TULA DE ALLENDE;13;076
TULANCINGO DE BRAVO;13;077
XOCHIATIPAN;13;078
XOCHICOATLÁN;13;079
YAHUALICA;13;080
ZACUALTIPÁN DE ÁNGELES;13;081
ZAPOTLÁN DE JUÁREZ;13;082
ZEMPOALA;13;083
ZIMAPÁN;13;084
NO ESPECIFICADO;13;999
ACATIC;14;001
ACATLÁN DE JUÁREZ;14;002
AHUALULCO DE MERCADO;14;003
AMACUECA;14;004
AMATITÁN;14;005
AMECA;14;006
SAN JUANITO DE ESCOBEDO;14;007
ARANDAS;14;008
EL ARENAL;14;009
ATEMAJAC DE BRIZUELA;14;010
ATENGO;14;011
ATENGUILLO;14;012
ATOTONILCO EL ALTO;14;013
ATOYAC;14;014
AUTLÁN DE NAVARRO;14;015
AYOTLÁN;14;016
AYUTLA;14;017
LA BARCA;14;018
BOLAÑOS;14;019
CABO CORRIENTES;14;020
CASIMIRO CASTILLO;14;021
CIHUATLÁN;14;022
ZAPOTLÁN EL GRANDE;14;023
COCULA;14;024
COLOTLÁN;14;025
CONCEPCIÓN DE BUENOS AIRES;14;026
CUAUTITLÁN DE GARCÍA BARRAGÁN;14;027
CUAUTLA;14;028
CUQUÍO;14;029
CHAPALA;14;030
CHIMALTITÁN;14;031
CHIQUILISTLÁN;14;032
DEGOLLADO;14;033
EJUTLA;14;034
ENCARNACIÓN DE DÍAZ;14;035
ETZATLÁN;14;036
EL GRULLO;14;037
GUACHINANGO;14;038
GUADALAJARA;14;039
HOSTOTIPAQUILLO;14;040
HUEJÚCAR;14;041
HUEJUQUILLA EL ALTO;14;042
LA HUERTA;14;043
IXTLAHUACÁN DE LOS MEMBRILLOS;14;044
IXTLAHUACÁN DEL RÍO;14;045
JALOSTOTITLÁN;14;046
JAMAY;14;047
JESÚS MARÍA;14;048
JILOTLÁN DE LOS DOLORES;14;049
JOCOTEPEC;14;050
JUANACATLÁN;14;051
JUCHITLÁN;14;052
LAGOS DE MORENO;14;053
EL LIMÓN;14;054
MAGDALENA;14;055
SANTA MARÍA DEL ORO;14;056
LA MANZANILLA DE LA PAZ;14;057
MASCOTA;14;058
MAZAMITLA;14;059
MEXTICACÁN;14;060
MEZQUITIC;14;061
MIXTLÁN;14;062
OCOTLÁN;14;063
OJUELOS DE JALISCO;14;064
PIHUAMO;14;065
PONCITLÁN;14;066
PUERTO VALLARTA;14;067
VILLA PURIFICACIÓN;14;068
QUITUPAN;14;069
EL SALTO;14;070
SAN CRISTÓBAL DE LA BARRANCA;14;071
SAN DIEGO DE ALEJANDRÍA;14;072
SAN JUAN DE LOS LAGOS;14;073
SAN JULIÁN;14;074
SAN MARCOS;14;075
SAN MARTÍN DE BOLAÑOS;14;076
SAN MARTÍN HIDALGO;14;077
SAN MIGUEL EL ALTO;14;078
GÓMEZ FARÍAS;14;079
SAN SEBASTIÁN DEL OESTE;14;080
SANTA MARÍA DE LOS ÁNGELES;14;081
SAYULA;14;082
TALA;14;083
TALPA DE ALLENDE;14;084
TAMAZULA DE GORDIANO;14;085
TAPALPA;14;086
TECALITLÁN;14;087
TECOLOTLÁN;14;088
TECHALUTA DE MONTENEGRO;14;089
TENAMAXTLÁN;14;090
TEOCALTICHE;14;091
TEOCUITATLÁN DE CORONA;14;092
TEPATITLÁN DE MORELOS;14;093
TEQUILA;14;094
TEUCHITLÁN;14;095
TIZAPÁN EL ALTO;14;096
TLAJOMULCO DE ZÚÑIGA;14;097
SAN PEDRO TLAQUEPAQUE;14;098
TOLIMÁN;14;099
TOMATLÁN;14;100
TONALÁ;14;101
TONAYA;14;102
TONILA;14;103
TOTATICHE;14;104
TOTOTLÁN;14;105
TUXCACUESCO;14;106
TUXCUECA;14;107
TUXPAN;14;108
UNIÓN DE SAN ANTONIO;14;109
UNIÓN DE TULA;14;110
VALLE DE GUADALUPE;14;111
VALLE DE JUÁREZ;14;112
SAN GABRIEL;14;113
VILLA CORONA;14;114
VILLA GUERRERO;14;115
VILLA HIDALGO;14;116
CAÑADAS DE OBREGÓN;14;117
YAHUALICA DE GONZÁLEZ GALLO;14;118
ZACOALCO DE TORRES;14;119
ZAPOPAN;14;120
ZAPOTILTIC;14;121
ZAPOTITLÁN DE VADILLO;14;122
ZAPOTLÁN DEL REY;14;123
ZAPOTLANEJO;14;124
SAN IGNACIO CERRO GORDO;14;125
NO ESPECIFICADO;14;999
ACAMBAY DE RUÍZ CASTAÑEDA;15;001
ACOLMAN;15;002
ACULCO;15;003
ALMOLOYA DE ALQUISIRAS;15;004
ALMOLOYA DE JUÁREZ;15;005
ALMOLOYA DEL RÍO;15;006
AMANALCO;15;007
AMATEPEC;15;008
AMECAMECA;15;009
APAXCO;15;010
ATENCO;15;011
ATIZAPÁN;15;012
ATIZAPÁN DE ZARAGOZA;15;013
ATLACOMULCO;15;014
ATLAUTLA;15;015
AXAPUSCO;15;016
AYAPANGO;15;017
CALIMAYA;15;018
CAPULHUAC;15;019
COACALCO DE BERRIOZÁBAL;15;020
COATEPEC HARINAS;15;021
COCOTITLÁN;15;022
COYOTEPEC;15;023
CUAUTITLÁN;15;024
CHALCO;15;025
CHAPA DE MOTA;15;026
CHAPULTEPEC;15;027
CHIAUTLA;15;028
CHICOLOAPAN;15;029
CHICONCUAC;15;030
CHIMALHUACÁN;15;031
DONATO GUERRA;15;032
ECATEPEC DE MORELOS;15;033
ECATZINGO;15;034
HUEHUETOCA;15;035
HUEYPOXTLA;15;036
HUIXQUILUCAN;15;037
ISIDRO FABELA;15;038
IXTAPALUCA;15;039
IXTAPAN DE LA SAL;15;040
IXTAPAN DEL ORO;15;041
IXTLAHUACA;15;042
XALATLACO;15;043
JALTENCO;15;044
JILOTEPEC;15;045
JILOTZINGO;15;046
JIQUIPILCO;15;047
JOCOTITLÁN;15;048
JOQUICINGO;15;049
JUCHITEPEC;15;050
LERMA;15;051
MALINALCO;15;052
MELCHOR OCAMPO;15;053
METEPEC;15;054
MEXICALTZINGO;15;055
MORELOS;15;056
NAUCALPAN DE JUÁREZ;15;057
NEZAHUALCÓYOTL;15;058
NEXTLALPAN;15;059
NICOLÁS ROMERO;15;060
NOPALTEPEC;15;061
OCOYOACAC;15;062
OCUILAN;15;063
EL ORO;15;064
OTUMBA;15;065
OTZOLOAPAN;15;066
OTZOLOTEPEC;15;067
OZUMBA;15;068
PAPALOTLA;15;069
LA PAZ;15;070
POLOTITLÁN;15;071
RAYÓN;15;072
SAN ANTONIO LA ISLA;15;073
SAN FELIPE DEL PROGRESO;15;074
SAN MARTÍN DE LAS PIRÁMIDES;15;075
SAN MATEO ATENCO;15;076
SAN SIMÓN DE GUERRERO;15;077
SANTO TOMÁS;15;078
SOYANIQUILPAN DE JUÁREZ;15;079
SULTEPEC;15;080
TECÁMAC;15;081
TEJUPILCO;15;082
TEMAMATLA;15;083
TEMASCALAPA;15;084
TEMASCALCINGO;15;085
TEMASCALTEPEC;15;086
TEMOAYA;15;087
TENANCINGO;15;088
TENANGO DEL AIRE;15;089
TENANGO DEL VALLE;15;090
TEOLOYUCAN;15;091
TEOTIHUACÁN;15;092
TEPETLAOXTOC;15;093
TEPETLIXPA;15;094
TEPOTZOTLÁN;15;095
TEQUIXQUIAC;15;096
TEXCALTITLÁN;15;097
TEXCALYACAC;15;098
TEXCOCO;15;099
TEZOYUCA;15;100
TIANGUISTENCO;15;101
TIMILPAN;15;102
TLALMANALCO;15;103
TLALNEPANTLA DE BAZ;15;104
TLATLAYA;15;105
TOLUCA;15;106
TONATICO;15;107
TULTEPEC;15;108
TULTITLÁN;15;109
VALLE DE BRAVO;15;110
VILLA DE ALLENDE;15;111
VILLA DEL CARBÓN;15;112
VILLA GUERRERO;15;113
VILLA VICTORIA;15;114
XONACATLÁN;15;115
ZACAZONAPAN;15;116
ZACUALPAN;15;117
ZINACANTEPEC;15;118
ZUMPAHUACÁN;15;119
ZUMPANGO;15;120
CUAUTITLÁN IZCALLI;15;121
VALLE DE CHALCO SOLIDARIDAD;15;122
LUVIANOS;15;123
SAN JOSÉ DEL RINCÓN;15;124
TONANITLA;15;125
NO ESPECIFICADO;15;999
ACUITZIO;16;001
AGUILILLA;16;002
ÁLVARO OBREGÓN;16;003
ANGAMACUTIRO;16;004
ANGANGUEO;16;005
APATZINGÁN;16;006
APORO;16;007
AQUILA;16;008
ARIO;16;009
ARTEAGA;16;010
BRISEÑAS;16;011
BUENAVISTA;16;012
CARÁCUARO;16;013
COAHUAYANA;16;014
COALCOMÁN DE VÁZQUEZ PALLARES;16;015
COENEO;16;016
CONTEPEC;16;017
COPÁNDARO;16;018
COTIJA;16;019
CUITZEO;16;020
CHARAPAN;16;021
CHARO;16;022
CHAVINDA;16;023
CHERÁN;16;024
CHILCHOTA;16;025
CHINICUILA;16;026
CHUCÁNDIRO;16;027
CHURINTZIO;16;028
CHURUMUCO;16;029
ECUANDUREO;16;030
EPITACIO HUERTA;16;031
ERONGARÍCUARO;16;032
GABRIEL ZAMORA;16;033
HIDALGO;16;034
LA HUACANA;16;035
HUANDACAREO;16;036
HUANIQUEO;16;037
HUETAMO;16;038
HUIRAMBA;16;039
INDAPARAPEO;16;040
IRIMBO;16;041
IXTLÁN;16;042
JACONA;16;043
JIMÉNEZ;16;044
JIQUILPAN;16;045
JUÁREZ;16;046
JUNGAPEO;16;047
LAGUNILLAS;16;048
MADERO;16;049
MARAVATÍO;16;050
MARCOS CASTELLANOS;16;051
LÁZARO CÁRDENAS;16;052
MORELIA;16;053
MORELOS;16;054
MÚGICA;16;055
NAHUATZEN;16;056
NOCUPÉTARO;16;057
NUEVO PARANGARICUTIRO;16;058
NUEVO URECHO;16;059
NUMARÁN;16;060
OCAMPO;16;061
PAJACUARÁN;16;062
PANINDÍCUARO;16;063
PARÁCUARO;16;064
PARACHO;16;065
PÁTZCUARO;16;066
PENJAMILLO;16;067
PERIBÁN;16;068
LA PIEDAD;16;069
PURÉPERO;16;070
PURUÁNDIRO;16;071
QUERÉNDARO;16;072
QUIROGA;16;073
COJUMATLÁN DE RÉGULES;16;074
LOS REYES;16;075
SAHUAYO;16;076
SAN LUCAS;16;077
SANTA ANA MAYA;16;078
SALVADOR ESCALANTE;16;079
SENGUIO;16;080
SUSUPUATO;16;081
TACÁMBARO;16;082
TANCÍTARO;16;083
TANGAMANDAPIO;16;084
TANGANCÍCUARO;16;085
TANHUATO;16;086
TARETAN;16;087
TARÍMBARO;16;088
TEPALCATEPEC;16;089
TINGAMBATO;16;090
TINGÜINDÍN;16;091
TIQUICHEO DE NICOLÁS ROMERO;16;092
TLALPUJAHUA;16;093
TLAZAZALCA;16;094
TOCUMBO;16;095
TUMBISCATÍO;16;096
TURICATO;16;097
TUXPAN;16;098
TUZANTLA;16;099
TZINTZUNTZAN;16;100
TZITZIO;16;101
URUAPAN;16;102
VENUSTIANO CARRANZA;16;103
VILLAMAR;16;104
VISTA HERMOSA;16;105
YURÉCUARO;16;106
ZACAPU;16;107
ZAMORA;16;108
ZINÁPARO;16;109
ZINAPÉCUARO;16;110
ZIRACUARETIRO;16;111
ZITÁCUARO;16;112
JOSÉ SIXTO VERDUZCO;16;113
NO ESPECIFICADO;16;999
AMACUZAC;17;001
ATLATLAHUCAN;17;002
AXOCHIAPAN;17;003
AYALA;17;004
COATLÁN DEL RÍO;17;005
CUAUTLA;17;006
CUERNAVACA;17;007
EMILIANO ZAPATA;17;008
HUITZILAC;17;009
JANTETELCO;17;010
JIUTEPEC;17;011
JOJUTLA;17;012
JONACATEPEC DE LEANDRO VALLE;17;013
MAZATEPEC;17;014
MIACATLÁN;17;015
OCUITUCO;17;016
PUENTE DE IXTLA;17;017
TEMIXCO;17;018
TEPALCINGO;17;019
TEPOZTLÁN;17;020
TETECALA;17;021
TETELA DEL VOLCÁN;17;022
TLALNEPANTLA;17;023
TLALTIZAPÁN DE ZAPATA;17;024
TLAQUILTENANGO;17;025
TLAYACAPAN;17;026
TOTOLAPAN;17;027
XOCHITEPEC;17;028
YAUTEPEC;17;029
YECAPIXTLA;17;030
ZACATEPEC;17;031
ZACUALPAN DE AMILPAS;17;032
TEMOAC;17;033
COATETELCO;17;034
XOXOCOTLA;17;035
NO ESPECIFICADO;17;999
ACAPONETA;18;001
AHUACATLÁN;18;002
AMATLÁN DE CAÑAS;18;003
COMPOSTELA;18;004
HUAJICORI;18;005
IXTLÁN DEL RÍO;18;006
JALA;18;007
XALISCO;18;008
DEL NAYAR;18;009
ROSAMORADA;18;010
RUÍZ;18;011
SAN BLAS;18;012
SAN PEDRO LAGUNILLAS;18;013
SANTA MARÍA DEL ORO;18;014
SANTIAGO IXCUINTLA;18;015
TECUALA;18;016
TEPIC;18;017
TUXPAN;18;018
LA YESCA;18;019
BAHÍA DE BANDERAS;18;020
NO ESPECIFICADO;18;999
ABASOLO;19;001
AGUALEGUAS;19;002
LOS ALDAMAS;19;003
ALLENDE;19;004
ANÁHUAC;19;005
APODACA;19;006
ARAMBERRI;19;007
BUSTAMANTE;19;008
CADEREYTA JIMÉNEZ;19;009
EL CARMEN;19;010
CERRALVO;19;011
CIÉNEGA DE FLORES;19;012
CHINA;19;013
DOCTOR ARROYO;19;014
DOCTOR COSS;19;015
DOCTOR GONZÁLEZ;19;016
GALEANA;19;017
GARCÍA;19;018
SAN PEDRO GARZA GARCÍA;19;019
GENERAL BRAVO;19;020
GENERAL ESCOBEDO;19;021
GENERAL TERÁN;19;022
GENERAL TREVIÑO;19;023
GENERAL ZARAGOZA;19;024
GENERAL ZUAZUA;19;025
GUADALUPE;19;026
LOS HERRERAS;19;027
HIGUERAS;19;028
HUALAHUISES;19;029
ITURBIDE;19;030
JUÁREZ;19;031
LAMPAZOS DE NARANJO;19;032
LINARES;19;033
MARÍN;19;034
MELCHOR OCAMPO;19;035
MIER Y NORIEGA;19;036
MINA;19;037
MONTEMORELOS;19;038
MONTERREY;19;039
PARÁS;19;040
PESQUERÍA;19;041
LOS RAMONES;19;042
RAYONES;19;043
SABINAS HIDALGO;19;044
SALINAS VICTORIA;19;045
SAN NICOLÁS DE LOS GARZA;19;046
HIDALGO;19;047
SANTA CATARINA;19;048
SANTIAGO;19;049
VALLECILLO;19;050
VILLALDAMA;19;051
NO ESPECIFICADO;19;999
ABEJONES;20;001
ACATLÁN DE PÉREZ FIGUEROA;20;002
ASUNCIÓN CACALOTEPEC;20;003
ASUNCIÓN CUYOTEPEJI;20;004
ASUNCIÓN IXTALTEPEC;20;005
ASUNCIÓN NOCHIXTLÁN;20;006
ASUNCIÓN OCOTLÁN;20;007
ASUNCIÓN TLACOLULITA;20;008
AYOTZINTEPEC;20;009
EL BARRIO DE LA SOLEDAD;20;010
CALIHUALÁ;20;011
CANDELARIA LOXICHA;20;012
CIÉNEGA DE ZIMATLÁN;20;013
CIUDAD IXTEPEC;20;014
COATECAS ALTAS;20;015
COICOYÁN DE LAS FLORES;20;016
LA COMPAÑÍA;20;017
CONCEPCIÓN BUENAVISTA;20;018
CONCEPCIÓN PÁPALO;20;019
CONSTANCIA DEL ROSARIO;20;020
COSOLAPA;20;021
COSOLTEPEC;20;022
CUILÁPAM DE GUERRERO;20;023
CUYAMECALCO VILLA DE ZARAGOZA;20;024
CHAHUITES;20;025
CHALCATONGO DE HIDALGO;20;026
CHIQUIHUITLÁN DE BENITO JUÁREZ;20;027
HEROICA CIUDAD DE EJUTLA DE CRESPO;20;028
ELOXOCHITLÁN DE FLORES MAGÓN;20;029
EL ESPINAL;20;030
TAMAZULÁPAM DEL ESPÍRITU SANTO;20;031
FRESNILLO DE TRUJANO;20;032
GUADALUPE ETLA;20;033
GUADALUPE DE RAMÍREZ;20;034
GUELATAO DE JUÁREZ;20;035
GUEVEA DE HUMBOLDT;20;036
MESONES HIDALGO;20;037
VILLA HIDALGO;20;038
HEROICA CIUDAD DE HUAJUAPAN DE LEÓN;20;039
HUAUTEPEC;20;040
HUAUTLA DE JIMÉNEZ;20;041
IXTLÁN DE JUÁREZ;20;042
JUCHITÁN DE ZARAGOZA;20;043
LOMA BONITA;20;044
MAGDALENA APASCO;20;045
MAGDALENA JALTEPEC;20;046
SANTA MAGDALENA JICOTLÁN;20;047
MAGDALENA MIXTEPEC;20;048
MAGDALENA OCOTLÁN;20;049
MAGDALENA PEÑASCO;20;050
MAGDALENA TEITIPAC;20;051
MAGDALENA TEQUISISTLÁN;20;052
MAGDALENA TLACOTEPEC;20;053
MAGDALENA ZAHUATLÁN;20;054
MARISCALA DE JUÁREZ;20;055
MÁRTIRES DE TACUBAYA;20;056
MATÍAS ROMERO AVENDAÑO;20;057
MAZATLÁN VILLA DE FLORES;20;058
MIAHUATLÁN DE PORFIRIO DÍAZ;20;059
MIXISTLÁN DE LA REFORMA;20;060
MONJAS;20;061
NATIVIDAD;20;062
NAZARENO ETLA;20;063
NEJAPA DE MADERO;20;064
IXPANTEPEC NIEVES;20;065
SANTIAGO NILTEPEC;20;066
OAXACA DE JUÁREZ;20;067
OCOTLÁN DE MORELOS;20;068
LA PE;20;069
PINOTEPA DE DON LUIS;20;070
PLUMA HIDALGO;20;071
SAN JOSÉ DEL PROGRESO;20;072
PUTLA VILLA DE GUERRERO;20;073
SANTA CATARINA QUIOQUITANI;20;074
REFORMA DE PINEDA;20;075
LA REFORMA;20;076
REYES ETLA;20;077
ROJAS DE CUAUHTÉMOC;20;078
SALINA CRUZ;20;079
SAN AGUSTÍN AMATENGO;20;080
SAN AGUSTÍN ATENANGO;20;081
SAN AGUSTÍN CHAYUCO;20;082
SAN AGUSTÍN DE LAS JUNTAS;20;083
SAN AGUSTÍN ETLA;20;084
SAN AGUSTÍN LOXICHA;20;085
SAN AGUSTÍN TLACOTEPEC;20;086
SAN AGUSTÍN YATARENI;20;087
SAN ANDRÉS CABECERA NUEVA;20;088
SAN ANDRÉS DINICUITI;20;089
SAN ANDRÉS HUAXPALTEPEC;20;090
SAN ANDRÉS HUAYÁPAM;20;091
SAN ANDRÉS IXTLAHUACA;20;092
SAN ANDRÉS LAGUNAS;20;093
SAN ANDRÉS NUXIÑO;20;094
SAN ANDRÉS PAXTLÁN;20;095
SAN ANDRÉS SINAXTLA;20;096
SAN ANDRÉS SOLAGA;20;097
SAN ANDRÉS TEOTILÁLPAM;20;098
SAN ANDRÉS TEPETLAPA;20;099
SAN ANDRÉS YAÁ;20;100
SAN ANDRÉS ZABACHE;20;101
SAN ANDRÉS ZAUTLA;20;102
SAN ANTONINO CASTILLO VELASCO;20;103
SAN ANTONINO EL ALTO;20;104
SAN ANTONINO MONTE VERDE;20;105
SAN ANTONIO ACUTLA;20;106
SAN ANTONIO DE LA CAL;20;107
SAN ANTONIO HUITEPEC;20;108
SAN ANTONIO NANAHUATÍPAM;20;109
SAN ANTONIO SINICAHUA;20;110
SAN ANTONIO TEPETLAPA;20;111
SAN BALTAZAR CHICHICÁPAM;20;112
SAN BALTAZAR LOXICHA;20;113
SAN BALTAZAR YATZACHI EL BAJO;20;114
SAN BARTOLO COYOTEPEC;20;115
SAN BARTOLOMÉ AYAUTLA;20;116
SAN BARTOLOMÉ LOXICHA;20;117
SAN BARTOLOMÉ QUIALANA;20;118
SAN BARTOLOMÉ YUCUAÑE;20;119
SAN BARTOLOMÉ ZOOGOCHO;20;120
SAN BARTOLO SOYALTEPEC;20;121
SAN BARTOLO YAUTEPEC;20;122
SAN BERNARDO MIXTEPEC;20;123
SAN BLAS ATEMPA;20;124
SAN CARLOS YAUTEPEC;20;125
SAN CRISTÓBAL AMATLÁN;20;126
SAN CRISTÓBAL AMOLTEPEC;20;127
SAN CRISTÓBAL LACHIRIOAG;20;128
SAN CRISTÓBAL SUCHIXTLAHUACA;20;129
SAN DIONISIO DEL MAR;20;130
SAN DIONISIO OCOTEPEC;20;131
SAN DIONISIO OCOTLÁN;20;132
SAN ESTEBAN ATATLAHUCA;20;133
SAN FELIPE JALAPA DE DÍAZ;20;134
SAN FELIPE TEJALÁPAM;20;135
SAN FELIPE USILA;20;136
SAN FRANCISCO CAHUACUÁ;20;137
SAN FRANCISCO CAJONOS;20;138
SAN FRANCISCO CHAPULAPA;20;139
SAN FRANCISCO CHINDÚA;20;140
SAN FRANCISCO DEL MAR;20;141
SAN FRANCISCO HUEHUETLÁN;20;142
SAN FRANCISCO IXHUATÁN;20;143
SAN FRANCISCO JALTEPETONGO;20;144
SAN FRANCISCO LACHIGOLÓ;20;145
SAN FRANCISCO LOGUECHE;20;146
SAN FRANCISCO NUXAÑO;20;147
SAN FRANCISCO OZOLOTEPEC;20;148
SAN FRANCISCO SOLA;20;149
SAN FRANCISCO TELIXTLAHUACA;20;150
SAN FRANCISCO TEOPAN;20;151
SAN FRANCISCO TLAPANCINGO;20;152
SAN GABRIEL MIXTEPEC;20;153
SAN ILDEFONSO AMATLÁN;20;154
SAN ILDEFONSO SOLA;20;155
SAN ILDEFONSO VILLA ALTA;20;156
SAN JACINTO AMILPAS;20;157
SAN JACINTO TLACOTEPEC;20;158
SAN JERÓNIMO COATLÁN;20;159
SAN JERÓNIMO SILACAYOAPILLA;20;160
SAN JERÓNIMO SOSOLA;20;161
SAN JERÓNIMO TAVICHE;20;162
SAN JERÓNIMO TECÓATL;20;163
SAN JORGE NUCHITA;20;164
SAN JOSÉ AYUQUILA;20;165
SAN JOSÉ CHILTEPEC;20;166
SAN JOSÉ DEL PEÑASCO;20;167
SAN JOSÉ ESTANCIA GRANDE;20;168
SAN JOSÉ INDEPENDENCIA;20;169
SAN JOSÉ LACHIGUIRI;20;170
SAN JOSÉ TENANGO;20;171
SAN JUAN ACHIUTLA;20;172
SAN JUAN ATEPEC;20;173
ÁNIMAS TRUJANO;20;174
SAN JUAN BAUTISTA ATATLAHUCA;20;175
SAN JUAN BAUTISTA COIXTLAHUACA;20;176
SAN JUAN BAUTISTA CUICATLÁN;20;177
SAN JUAN BAUTISTA GUELACHE;20;178
SAN JUAN BAUTISTA JAYACATLÁN;20;179
SAN JUAN BAUTISTA LO DE SOTO;20;180
SAN JUAN BAUTISTA SUCHITEPEC;20;181
SAN JUAN BAUTISTA TLACOATZINTEPEC;20;182
SAN JUAN BAUTISTA TLACHICHILCO;20;183
SAN JUAN BAUTISTA TUXTEPEC;20;184
SAN JUAN CACAHUATEPEC;20;185
SAN JUAN CIENEGUILLA;20;186
SAN JUAN COATZÓSPAM;20;187
SAN JUAN COLORADO;20;188
SAN JUAN COMALTEPEC;20;189
SAN JUAN COTZOCÓN;20;190
SAN JUAN CHICOMEZÚCHIL;20;191
SAN JUAN CHILATECA;20;192
SAN JUAN DEL ESTADO;20;193
SAN JUAN DEL RÍO;20;194
SAN JUAN DIUXI;20;195
SAN JUAN EVANGELISTA ANALCO;20;196
SAN JUAN GUELAVÍA;20;197
SAN JUAN GUICHICOVI;20;198
SAN JUAN IHUALTEPEC;20;199
SAN JUAN JUQUILA MIXES;20;200
SAN JUAN JUQUILA VIJANOS;20;201
SAN JUAN LACHAO;20;202
SAN JUAN LACHIGALLA;20;203
SAN JUAN LAJARCIA;20;204
SAN JUAN LALANA;20;205
SAN JUAN DE LOS CUÉS;20;206
SAN JUAN MAZATLÁN;20;207
SAN JUAN MIXTEPEC;20;208
SAN JUAN MIXTEPEC;20;209
SAN JUAN ÑUMÍ;20;210
SAN JUAN OZOLOTEPEC;20;211
SAN JUAN PETLAPA;20;212
SAN JUAN QUIAHIJE;20;213
SAN JUAN QUIOTEPEC;20;214
SAN JUAN SAYULTEPEC;20;215
SAN JUAN TABAÁ;20;216
SAN JUAN TAMAZOLA;20;217
SAN JUAN TEITA;20;218
SAN JUAN TEITIPAC;20;219
SAN JUAN TEPEUXILA;20;220
SAN JUAN TEPOSCOLULA;20;221
SAN JUAN YAEÉ;20;222
SAN JUAN YATZONA;20;223
SAN JUAN YUCUITA;20;224
SAN LORENZO;20;225
SAN LORENZO ALBARRADAS;20;226
SAN LORENZO CACAOTEPEC;20;227
SAN LORENZO CUAUNECUILTITLA;20;228
SAN LORENZO TEXMELÚCAN;20;229
SAN LORENZO VICTORIA;20;230
SAN LUCAS CAMOTLÁN;20;231
SAN LUCAS OJITLÁN;20;232
SAN LUCAS QUIAVINÍ;20;233
SAN LUCAS ZOQUIÁPAM;20;234
SAN LUIS AMATLÁN;20;235
SAN MARCIAL OZOLOTEPEC;20;236
SAN MARCOS ARTEAGA;20;237
SAN MARTÍN DE LOS CANSECOS;20;238
SAN MARTÍN HUAMELÚLPAM;20;239
SAN MARTÍN ITUNYOSO;20;240
SAN MARTÍN LACHILÁ;20;241
SAN MARTÍN PERAS;20;242
SAN MARTÍN TILCAJETE;20;243
SAN MARTÍN TOXPALAN;20;244
SAN MARTÍN ZACATEPEC;20;245
SAN MATEO CAJONOS;20;246
CAPULÁLPAM DE MÉNDEZ;20;247
SAN MATEO DEL MAR;20;248
SAN MATEO YOLOXOCHITLÁN;20;249
SAN MATEO ETLATONGO;20;250
SAN MATEO NEJÁPAM;20;251
SAN MATEO PEÑASCO;20;252
SAN MATEO PIÑAS;20;253
SAN MATEO RÍO HONDO;20;254
SAN MATEO SINDIHUI;20;255
SAN MATEO TLAPILTEPEC;20;256
SAN MELCHOR BETAZA;20;257
SAN MIGUEL ACHIUTLA;20;258
SAN MIGUEL AHUEHUETITLÁN;20;259
SAN MIGUEL ALOÁPAM;20;260
SAN MIGUEL AMATITLÁN;20;261
SAN MIGUEL AMATLÁN;20;262
SAN MIGUEL COATLÁN;20;263
SAN MIGUEL CHICAHUA;20;264
SAN MIGUEL CHIMALAPA;20;265
SAN MIGUEL DEL PUERTO;20;266
SAN MIGUEL DEL RÍO;20;267
SAN MIGUEL EJUTLA;20;268
SAN MIGUEL EL GRANDE;20;269
SAN MIGUEL HUAUTLA;20;270
SAN MIGUEL MIXTEPEC;20;271
SAN MIGUEL PANIXTLAHUACA;20;272
SAN MIGUEL PERAS;20;273
SAN MIGUEL PIEDRAS;20;274
SAN MIGUEL QUETZALTEPEC;20;275
SAN MIGUEL SANTA FLOR;20;276
VILLA SOLA DE VEGA;20;277
SAN MIGUEL SOYALTEPEC;20;278
SAN MIGUEL SUCHIXTEPEC;20;279
VILLA TALEA DE CASTRO;20;280
SAN MIGUEL TECOMATLÁN;20;281
SAN MIGUEL TENANGO;20;282
SAN MIGUEL TEQUIXTEPEC;20;283
SAN MIGUEL TILQUIÁPAM;20;284
SAN MIGUEL TLACAMAMA;20;285
SAN MIGUEL TLACOTEPEC;20;286
SAN MIGUEL TULANCINGO;20;287
SAN MIGUEL YOTAO;20;288
SAN NICOLÁS;20;289
SAN NICOLÁS HIDALGO;20;290
SAN PABLO COATLÁN;20;291
SAN PABLO CUATRO VENADOS;20;292
SAN PABLO ETLA;20;293
SAN PABLO HUITZO;20;294
SAN PABLO HUIXTEPEC;20;295
SAN PABLO MACUILTIANGUIS;20;296
SAN PABLO TIJALTEPEC;20;297
SAN PABLO VILLA DE MITLA;20;298
SAN PABLO YAGANIZA;20;299
SAN PEDRO AMUZGOS;20;300
SAN PEDRO APÓSTOL;20;301
SAN PEDRO ATOYAC;20;302
SAN PEDRO CAJONOS;20;303
SAN PEDRO COXCALTEPEC CÁNTAROS;20;304
SAN PEDRO COMITANCILLO;20;305
SAN PEDRO EL ALTO;20;306
SAN PEDRO HUAMELULA;20;307
SAN PEDRO HUILOTEPEC;20;308
SAN PEDRO IXCATLÁN;20;309
SAN PEDRO IXTLAHUACA;20;310
SAN PEDRO JALTEPETONGO;20;311
SAN PEDRO JICAYÁN;20;312
SAN PEDRO JOCOTIPAC;20;313
SAN PEDRO JUCHATENGO;20;314
SAN PEDRO MÁRTIR;20;315
SAN PEDRO MÁRTIR QUIECHAPA;20;316
SAN PEDRO MÁRTIR YUCUXACO;20;317
SAN PEDRO MIXTEPEC;20;318
SAN PEDRO MIXTEPEC;20;319
SAN PEDRO MOLINOS;20;320
SAN PEDRO NOPALA;20;321
SAN PEDRO OCOPETATILLO;20;322
SAN PEDRO OCOTEPEC;20;323
SAN PEDRO POCHUTLA;20;324
SAN PEDRO QUIATONI;20;325
SAN PEDRO SOCHIÁPAM;20;326
SAN PEDRO TAPANATEPEC;20;327
SAN PEDRO TAVICHE;20;328
SAN PEDRO TEOZACOALCO;20;329
SAN PEDRO TEUTILA;20;330
SAN PEDRO TIDAÁ;20;331
SAN PEDRO TOPILTEPEC;20;332
SAN PEDRO TOTOLÁPAM;20;333
VILLA DE TUTUTEPEC;20;334
SAN PEDRO YANERI;20;335
SAN PEDRO YÓLOX;20;336
SAN PEDRO Y SAN PABLO AYUTLA;20;337
VILLA DE ETLA;20;338
SAN PEDRO Y SAN PABLO TEPOSCOLULA;20;339
SAN PEDRO Y SAN PABLO TEQUIXTEPEC;20;340
SAN PEDRO YUCUNAMA;20;341
SAN RAYMUNDO JALPAN;20;342
SAN SEBASTIÁN ABASOLO;20;343
SAN SEBASTIÁN COATLÁN;20;344
SAN SEBASTIÁN IXCAPA;20;345
SAN SEBASTIÁN NICANANDUTA;20;346
SAN SEBASTIÁN RÍO HONDO;20;347
SAN SEBASTIÁN TECOMAXTLAHUACA;20;348
SAN SEBASTIÁN TEITIPAC;20;349
SAN SEBASTIÁN TUTLA;20;350
SAN SIMÓN ALMOLONGAS;20;351
SAN SIMÓN ZAHUATLÁN;20;352
SANTA ANA;20;353
SANTA ANA ATEIXTLAHUACA;20;354
SANTA ANA CUAUHTÉMOC;20;355
SANTA ANA DEL VALLE;20;356
SANTA ANA TAVELA;20;357
SANTA ANA TLAPACOYAN;20;358
SANTA ANA YARENI;20;359
SANTA ANA ZEGACHE;20;360
SANTA CATALINA QUIERÍ;20;361
SANTA CATARINA CUIXTLA;20;362
SANTA CATARINA IXTEPEJI;20;363
SANTA CATARINA JUQUILA;20;364
SANTA CATARINA LACHATAO;20;365
SANTA CATARINA LOXICHA;20;366
SANTA CATARINA MECHOACÁN;20;367
SANTA CATARINA MINAS;20;368
SANTA CATARINA QUIANÉ;20;369
SANTA CATARINA TAYATA;20;370
SANTA CATARINA TICUÁ;20;371
SANTA CATARINA YOSONOTÚ;20;372
SANTA CATARINA ZAPOQUILA;20;373
SANTA CRUZ ACATEPEC;20;374
SANTA CRUZ AMILPAS;20;375
SANTA CRUZ DE BRAVO;20;376
SANTA CRUZ ITUNDUJIA;20;377
SANTA CRUZ MIXTEPEC;20;378
SANTA CRUZ NUNDACO;20;379
SANTA CRUZ PAPALUTLA;20;380
SANTA CRUZ TACACHE DE MINA;20;381
SANTA CRUZ TACAHUA;20;382
SANTA CRUZ TAYATA;20;383
SANTA CRUZ XITLA;20;384
SANTA CRUZ XOXOCOTLÁN;20;385
SANTA CRUZ ZENZONTEPEC;20;386
SANTA GERTRUDIS;20;387
SANTA INÉS DEL MONTE;20;388
SANTA INÉS YATZECHE;20;389
SANTA LUCÍA DEL CAMINO;20;390
SANTA LUCÍA MIAHUATLÁN;20;391
SANTA LUCÍA MONTEVERDE;20;392
SANTA LUCÍA OCOTLÁN;20;393
SANTA MARÍA ALOTEPEC;20;394
SANTA MARÍA APAZCO;20;395
SANTA MARÍA LA ASUNCIÓN;20;396
HEROICA CIUDAD DE TLAXIACO;20;397
AYOQUEZCO DE ALDAMA;20;398
SANTA MARÍA ATZOMPA;20;399
SANTA MARÍA CAMOTLÁN;20;400
SANTA MARÍA COLOTEPEC;20;401
SANTA MARÍA CORTIJO;20;402
SANTA MARÍA COYOTEPEC;20;403
SANTA MARÍA CHACHOÁPAM;20;404
VILLA DE CHILAPA DE DÍAZ;20;405
SANTA MARÍA CHILCHOTLA;20;406
SANTA MARÍA CHIMALAPA;20;407
SANTA MARÍA DEL ROSARIO;20;408
SANTA MARÍA DEL TULE;20;409
SANTA MARÍA ECATEPEC;20;410
SANTA MARÍA GUELACÉ;20;411
SANTA MARÍA GUIENAGATI;20;412
SANTA MARÍA HUATULCO;20;413
SANTA MARÍA HUAZOLOTITLÁN;20;414
SANTA MARÍA IPALAPA;20;415
SANTA MARÍA IXCATLÁN;20;416
SANTA MARÍA JACATEPEC;20;417
SANTA MARÍA JALAPA DEL MARQUÉS;20;418
SANTA MARÍA JALTIANGUIS;20;419
SANTA MARÍA LACHIXÍO;20;420
SANTA MARÍA MIXTEQUILLA;20;421
SANTA MARÍA NATIVITAS;20;422
SANTA MARÍA NDUAYACO;20;423
SANTA MARÍA OZOLOTEPEC;20;424
SANTA MARÍA PÁPALO;20;425
SANTA MARÍA PEÑOLES;20;426
SANTA MARÍA PETAPA;20;427
SANTA MARÍA QUIEGOLANI;20;428
SANTA MARÍA SOLA;20;429
SANTA MARÍA TATALTEPEC;20;430
SANTA MARÍA TECOMAVACA;20;431
SANTA MARÍA TEMAXCALAPA;20;432
SANTA MARÍA TEMAXCALTEPEC;20;433
SANTA MARÍA TEOPOXCO;20;434
SANTA MARÍA TEPANTLALI;20;435
SANTA MARÍA TEXCATITLÁN;20;436
SANTA MARÍA TLAHUITOLTEPEC;20;437
SANTA MARÍA TLALIXTAC;20;438
SANTA MARÍA TONAMECA;20;439
SANTA MARÍA TOTOLAPILLA;20;440
SANTA MARÍA XADANI;20;441
SANTA MARÍA YALINA;20;442
SANTA MARÍA YAVESÍA;20;443
SANTA MARÍA YOLOTEPEC;20;444
SANTA MARÍA YOSOYÚA;20;445
SANTA MARÍA YUCUHITI;20;446
SANTA MARÍA ZACATEPEC;20;447
SANTA MARÍA ZANIZA;20;448
SANTA MARÍA ZOQUITLÁN;20;449
SANTIAGO AMOLTEPEC;20;450
SANTIAGO APOALA;20;451
SANTIAGO APÓSTOL;20;452
SANTIAGO ASTATA;20;453
SANTIAGO ATITLÁN;20;454
SANTIAGO AYUQUILILLA;20;455
SANTIAGO CACALOXTEPEC;20;456
SANTIAGO CAMOTLÁN;20;457
SANTIAGO COMALTEPEC;20;458
VILLA DE SANTIAGO CHAZUMBA;20;459
SANTIAGO CHOÁPAM;20;460
SANTIAGO DEL RÍO;20;461
SANTIAGO HUAJOLOTITLÁN;20;462
SANTIAGO HUAUCLILLA;20;463
SANTIAGO IHUITLÁN PLUMAS;20;464
SANTIAGO IXCUINTEPEC;20;465
SANTIAGO IXTAYUTLA;20;466
SANTIAGO JAMILTEPEC;20;467
SANTIAGO JOCOTEPEC;20;468
SANTIAGO JUXTLAHUACA;20;469
SANTIAGO LACHIGUIRI;20;470
SANTIAGO LALOPA;20;471
SANTIAGO LAOLLAGA;20;472
SANTIAGO LAXOPA;20;473
SANTIAGO LLANO GRANDE;20;474
SANTIAGO MATATLÁN;20;475
SANTIAGO MILTEPEC;20;476
SANTIAGO MINAS;20;477
SANTIAGO NACALTEPEC;20;478
SANTIAGO NEJAPILLA;20;479
SANTIAGO NUNDICHE;20;480
SANTIAGO NUYOÓ;20;481
SANTIAGO PINOTEPA NACIONAL;20;482
SANTIAGO SUCHILQUITONGO;20;483
SANTIAGO TAMAZOLA;20;484
SANTIAGO TAPEXTLA;20;485
VILLA TEJÚPAM DE LA UNIÓN;20;486
SANTIAGO TENANGO;20;487
SANTIAGO TEPETLAPA;20;488
SANTIAGO TETEPEC;20;489
SANTIAGO TEXCALCINGO;20;490
SANTIAGO TEXTITLÁN;20;491
SANTIAGO TILANTONGO;20;492
SANTIAGO TILLO;20;493
SANTIAGO TLAZOYALTEPEC;20;494
SANTIAGO XANICA;20;495
SANTIAGO XIACUÍ;20;496
SANTIAGO YAITEPEC;20;497
SANTIAGO YAVEO;20;498
SANTIAGO YOLOMÉCATL;20;499
SANTIAGO YOSONDÚA;20;500
SANTIAGO YUCUYACHI;20;501
SANTIAGO ZACATEPEC;20;502
SANTIAGO ZOOCHILA;20;503
NUEVO ZOQUIÁPAM;20;504
SANTO DOMINGO INGENIO;20;505
SANTO DOMINGO ALBARRADAS;20;506
SANTO DOMINGO ARMENTA;20;507
SANTO DOMINGO CHIHUITÁN;20;508
SANTO DOMINGO DE MORELOS;20;509
SANTO DOMINGO IXCATLÁN;20;510
SANTO DOMINGO NUXAÁ;20;511
SANTO DOMINGO OZOLOTEPEC;20;512
SANTO DOMINGO PETAPA;20;513
SANTO DOMINGO ROAYAGA;20;514
SANTO DOMINGO TEHUANTEPEC;20;515
SANTO DOMINGO TEOJOMULCO;20;516
SANTO DOMINGO TEPUXTEPEC;20;517
SANTO DOMINGO TLATAYÁPAM;20;518
SANTO DOMINGO TOMALTEPEC;20;519
SANTO DOMINGO TONALÁ;20;520
SANTO DOMINGO TONALTEPEC;20;521
SANTO DOMINGO XAGACÍA;20;522
SANTO DOMINGO YANHUITLÁN;20;523
SANTO DOMINGO YODOHINO;20;524
SANTO DOMINGO ZANATEPEC;20;525
SANTOS REYES NOPALA;20;526
SANTOS REYES PÁPALO;20;527
SANTOS REYES TEPEJILLO;20;528
SANTOS REYES YUCUNÁ;20;529
SANTO TOMÁS JALIEZA;20;530
SANTO TOMÁS MAZALTEPEC;20;531
SANTO TOMÁS OCOTEPEC;20;532
SANTO TOMÁS TAMAZULAPAN;20;533
SAN VICENTE COATLÁN;20;534
SAN VICENTE LACHIXÍO;20;535
SAN VICENTE NUÑÚ;20;536
SILACAYOÁPAM;20;537
SITIO DE XITLAPEHUA;20;538
SOLEDAD ETLA;20;539
VILLA DE TAMAZULÁPAM DEL PROGRESO;20;540
TANETZE DE ZARAGOZA;20;541
TANICHE;20;542
TATALTEPEC DE VALDÉS;20;543
TEOCOCUILCO DE MARCOS PÉREZ;20;544
TEOTITLÁN DE FLORES MAGÓN;20;545
TEOTITLÁN DEL VALLE;20;546
TEOTONGO;20;547
TEPELMEME VILLA DE MORELOS;20;548
HEROICA VILLA TEZOATLÁN DE SEGURA Y LUNA, CUNA DE LA INDEPENDENCIA DE OAXACA;20;549
SAN JERÓNIMO TLACOCHAHUAYA;20;550
TLACOLULA DE MATAMOROS;20;551
TLACOTEPEC PLUMAS;20;552
TLALIXTAC DE CABRERA;20;553
TOTONTEPEC VILLA DE MORELOS;20;554
TRINIDAD ZAACHILA;20;555
LA TRINIDAD VISTA HERMOSA;20;556
UNIÓN HIDALGO;20;557
VALERIO TRUJANO;20;558
SAN JUAN BAUTISTA VALLE NACIONAL;20;559
VILLA DÍAZ ORDAZ;20;560
YAXE;20;561
MAGDALENA YODOCONO DE PORFIRIO DÍAZ;20;562
YOGANA;20;563
YUTANDUCHI DE GUERRERO;20;564
VILLA DE ZAACHILA;20;565
SAN MATEO YUCUTINDOO;20;566
ZAPOTITLÁN LAGUNAS;20;567
ZAPOTITLÁN PALMAS;20;568
SANTA INÉS DE ZARAGOZA;20;569
ZIMATLÁN DE ÁLVAREZ;20;570
NO ESPECIFICADO;20;999
ACAJETE;21;001
ACATENO;21;002
ACATLÁN;21;003
ACATZINGO;21;004
ACTEOPAN;21;005
AHUACATLÁN;21;006
AHUATLÁN;21;007
AHUAZOTEPEC;21;008
AHUEHUETITLA;21;009
AJALPAN;21;010
ALBINO ZERTUCHE;21;011
ALJOJUCA;21;012
ALTEPEXI;21;013
AMIXTLÁN;21;014
AMOZOC;21;015
AQUIXTLA;21;016
ATEMPAN;21;017
ATEXCAL;21;018
ATLIXCO;21;019
ATOYATEMPAN;21;020
ATZALA;21;021
ATZITZIHUACÁN;21;022
ATZITZINTLA;21;023
AXUTLA;21;024
AYOTOXCO DE GUERRERO;21;025
CALPAN;21;026
CALTEPEC;21;027
CAMOCUAUTLA;21;028
CAXHUACAN;21;029
COATEPEC;21;030
COATZINGO;21;031
COHETZALA;21;032
COHUECAN;21;033
CORONANGO;21;034
COXCATLÁN;21;035
COYOMEAPAN;21;036
COYOTEPEC;21;037
CUAPIAXTLA DE MADERO;21;038
CUAUTEMPAN;21;039
CUAUTINCHÁN;21;040
CUAUTLANCINGO;21;041
CUAYUCA DE ANDRADE;21;042
CUETZALAN DEL PROGRESO;21;043
CUYOACO;21;044
CHALCHICOMULA DE SESMA;21;045
CHAPULCO;21;046
CHIAUTLA;21;047
CHIAUTZINGO;21;048
CHICONCUAUTLA;21;049
CHICHIQUILA;21;050
CHIETLA;21;051
CHIGMECATITLÁN;21;052
CHIGNAHUAPAN;21;053
CHIGNAUTLA;21;054
CHILA;21;055
CHILA DE LA SAL;21;056
HONEY;21;057
CHILCHOTLA;21;058
CHINANTLA;21;059
DOMINGO ARENAS;21;060
ELOXOCHITLÁN;21;061
EPATLÁN;21;062
ESPERANZA;21;063
FRANCISCO Z. MENA;21;064
GENERAL FELIPE ÁNGELES;21;065
GUADALUPE;21;066
GUADALUPE VICTORIA;21;067
HERMENEGILDO GALEANA;21;068
HUAQUECHULA;21;069
HUATLATLAUCA;21;070
HUAUCHINANGO;21;071
HUEHUETLA;21;072
HUEHUETLÁN EL CHICO;21;073
HUEJOTZINGO;21;074
HUEYAPAN;21;075
HUEYTAMALCO;21;076
HUEYTLALPAN;21;077
HUITZILAN DE SERDÁN;21;078
HUITZILTEPEC;21;079
ATLEQUIZAYAN;21;080
IXCAMILPA DE GUERRERO;21;081
IXCAQUIXTLA;21;082
IXTACAMAXTITLÁN;21;083
IXTEPEC;21;084
IZÚCAR DE MATAMOROS;21;085
JALPAN;21;086
JOLALPAN;21;087
JONOTLA;21;088
JOPALA;21;089
JUAN C. BONILLA;21;090
JUAN GALINDO;21;091
JUAN N. MÉNDEZ;21;092
LAFRAGUA;21;093
LIBRES;21;094
LA MAGDALENA TLATLAUQUITEPEC;21;095
MAZAPILTEPEC DE JUÁREZ;21;096
MIXTLA;21;097
MOLCAXAC;21;098
CAÑADA MORELOS;21;099
NAUPAN;21;100
NAUZONTLA;21;101
NEALTICAN;21;102
NICOLÁS BRAVO;21;103
NOPALUCAN;21;104
OCOTEPEC;21;105
OCOYUCAN;21;106
OLINTLA;21;107
ORIENTAL;21;108
PAHUATLÁN;21;109
PALMAR DE BRAVO;21;110
PANTEPEC;21;111
PETLALCINGO;21;112
PIAXTLA;21;113
PUEBLA;21;114
QUECHOLAC;21;115
QUIMIXTLÁN;21;116
RAFAEL LARA GRAJALES;21;117
LOS REYES DE JUÁREZ;21;118
SAN ANDRÉS CHOLULA;21;119
SAN ANTONIO CAÑADA;21;120
SAN DIEGO LA MESA TOCHIMILTZINGO;21;121
SAN FELIPE TEOTLALCINGO;21;122
SAN FELIPE TEPATLÁN;21;123
SAN GABRIEL CHILAC;21;124
SAN GREGORIO ATZOMPA;21;125
SAN JERÓNIMO TECUANIPAN;21;126
SAN JERÓNIMO XAYACATLÁN;21;127
SAN JOSÉ CHIAPA;21;128
SAN JOSÉ MIAHUATLÁN;21;129
SAN JUAN ATENCO;21;130
SAN JUAN ATZOMPA;21;131
SAN MARTÍN TEXMELUCAN;21;132
SAN MARTÍN TOTOLTEPEC;21;133
SAN MATÍAS TLALANCALECA;21;134
SAN MIGUEL IXITLÁN;21;135
SAN MIGUEL XOXTLA;21;136
SAN NICOLÁS BUENOS AIRES;21;137
SAN NICOLÁS DE LOS RANCHOS;21;138
SAN PABLO ANICANO;21;139
SAN PEDRO CHOLULA;21;140
SAN PEDRO YELOIXTLAHUACA;21;141
SAN SALVADOR EL SECO;21;142
SAN SALVADOR EL VERDE;21;143
SAN SALVADOR HUIXCOLOTLA;21;144
SAN SEBASTIÁN TLACOTEPEC;21;145
SANTA CATARINA TLALTEMPAN;21;146
SANTA INÉS AHUATEMPAN;21;147
SANTA ISABEL CHOLULA;21;148
SANTIAGO MIAHUATLÁN;21;149
HUEHUETLÁN EL GRANDE;21;150
SANTO TOMÁS HUEYOTLIPAN;21;151
SOLTEPEC;21;152
TECALI DE HERRERA;21;153
TECAMACHALCO;21;154
TECOMATLÁN;21;155
TEHUACÁN;21;156
TEHUITZINGO;21;157
TENAMPULCO;21;158
TEOPANTLÁN;21;159
TEOTLALCO;21;160
TEPANCO DE LÓPEZ;21;161
TEPANGO DE RODRÍGUEZ;21;162
TEPATLAXCO DE HIDALGO;21;163
TEPEACA;21;164
TEPEMAXALCO;21;165
TEPEOJUMA;21;166
TEPETZINTLA;21;167
TEPEXCO;21;168
TEPEXI DE RODRÍGUEZ;21;169
TEPEYAHUALCO;21;170
TEPEYAHUALCO DE CUAUHTÉMOC;21;171
TETELA DE OCAMPO;21;172
TETELES DE AVILA CASTILLO;21;173
TEZIUTLÁN;21;174
TIANGUISMANALCO;21;175
TILAPA;21;176
TLACOTEPEC DE BENITO JUÁREZ;21;177
TLACUILOTEPEC;21;178
TLACHICHUCA;21;179
TLAHUAPAN;21;180
TLALTENANGO;21;181
TLANEPANTLA;21;182
TLAOLA;21;183
TLAPACOYA;21;184
TLAPANALÁ;21;185
TLATLAUQUITEPEC;21;186
TLAXCO;21;187
TOCHIMILCO;21;188
TOCHTEPEC;21;189
TOTOLTEPEC DE GUERRERO;21;190
TULCINGO;21;191
TUZAMAPAN DE GALEANA;21;192
TZICATLACOYAN;21;193
VENUSTIANO CARRANZA;21;194
VICENTE GUERRERO;21;195
XAYACATLÁN DE BRAVO;21;196
XICOTEPEC;21;197
XICOTLÁN;21;198
XIUTETELCO;21;199
XOCHIAPULCO;21;200
XOCHILTEPEC;21;201
XOCHITLÁN DE VICENTE SUÁREZ;21;202
XOCHITLÁN TODOS SANTOS;21;203
YAONÁHUAC;21;204
YEHUALTEPEC;21;205
ZACAPALA;21;206
ZACAPOAXTLA;21;207
ZACATLÁN;21;208
ZAPOTITLÁN;21;209
ZAPOTITLÁN DE MÉNDEZ;21;210
ZARAGOZA;21;211
ZAUTLA;21;212
ZIHUATEUTLA;21;213
ZINACATEPEC;21;214
ZONGOZOTLA;21;215
ZOQUIAPAN;21;216
ZOQUITLÁN;21;217
NO ESPECIFICADO;21;999
AMEALCO DE BONFIL;22;001
PINAL DE AMOLES;22;002
ARROYO SECO;22;003
CADEREYTA DE MONTES;22;004
COLÓN;22;005
CORREGIDORA;22;006
EZEQUIEL MONTES;22;007
HUIMILPAN;22;008
JALPAN DE SERRA;22;009
LANDA DE MATAMOROS;22;010
EL MARQUÉS;22;011
PEDRO ESCOBEDO;22;012
PEÑAMILLER;22;013
QUERÉTARO;22;014
SAN JOAQUÍN;22;015
SAN JUAN DEL RÍO;22;016
TEQUISQUIAPAN;22;017
TOLIMÁN;22;018
NO ESPECIFICADO;22;999
COZUMEL;23;001
FELIPE CARRILLO PUERTO;23;002
ISLA MUJERES;23;003
OTHÓN P. BLANCO;23;004
BENITO JUÁREZ;23;005
JOSÉ MARÍA MORELOS;23;006
LÁZARO CÁRDENAS;23;007
SOLIDARIDAD;23;008
TULUM;23;009
BACALAR;23;010
PUERTO MORELOS;23;011
NO ESPECIFICADO;23;999
AHUALULCO;24;001
ALAQUINES;24;002
AQUISMÓN;24;003
ARMADILLO DE LOS INFANTE;24;004
CÁRDENAS;24;005
CATORCE;24;006
CEDRAL;24;007
CERRITOS;24;008
CERRO DE SAN PEDRO;24;009
CIUDAD DEL MAÍZ;24;010
CIUDAD FERNÁNDEZ;24;011
TANCANHUITZ;24;012
CIUDAD VALLES;24;013
COXCATLÁN;24;014
CHARCAS;24;015
EBANO;24;016
GUADALCÁZAR;24;017
HUEHUETLÁN;24;018
LAGUNILLAS;24;019
MATEHUALA;24;020
MEXQUITIC DE CARMONA;24;021
MOCTEZUMA;24;022
RAYÓN;24;023
RIOVERDE;24;024
SALINAS;24;025
SAN ANTONIO;24;026
SAN CIRO DE ACOSTA;24;027
SAN LUIS POTOSÍ;24;028
SAN MARTÍN CHALCHICUAUTLA;24;029
SAN NICOLÁS TOLENTINO;24;030
SANTA CATARINA;24;031
SANTA MARÍA DEL RÍO;24;032
SANTO DOMINGO;24;033
SAN VICENTE TANCUAYALAB;24;034
SOLEDAD DE GRACIANO SÁNCHEZ;24;035
TAMASOPO;24;036
TAMAZUNCHALE;24;037
TAMPACÁN;24;038
TAMPAMOLÓN CORONA;24;039
TAMUÍN;24;040
TANLAJÁS;24;041
TANQUIÁN DE ESCOBEDO;24;042
TIERRA NUEVA;24;043
VANEGAS;24;044
VENADO;24;045
VILLA DE ARRIAGA;24;046
VILLA DE GUADALUPE;24;047
VILLA DE LA PAZ;24;048
VILLA DE RAMOS;24;049
VILLA DE REYES;24;050
VILLA HIDALGO;24;051
VILLA JUÁREZ;24;052
AXTLA DE TERRAZAS;24;053
XILITLA;24;054
ZARAGOZA;24;055
VILLA DE ARISTA;24;056
MATLAPA;24;057
EL NARANJO;24;058
NO ESPECIFICADO;24;999
AHOME;25;001
ANGOSTURA;25;002
BADIRAGUATO;25;003
CONCORDIA;25;004
COSALÁ;25;005
CULIACÁN;25;006
CHOIX;25;007
ELOTA;25;008
ESCUINAPA;25;009
EL FUERTE;25;010
GUASAVE;25;011
MAZATLÁN;25;012
MOCORITO;25;013
ROSARIO;25;014
SALVADOR ALVARADO;25;015
SAN IGNACIO;25;016
SINALOA;25;017
NAVOLATO;25;018
NO ESPECIFICADO;25;999
ACONCHI;26;001
AGUA PRIETA;26;002
ALAMOS;26;003
ALTAR;26;004
ARIVECHI;26;005
ARIZPE;26;006
ATIL;26;007
BACADÉHUACHI;26;008
BACANORA;26;009
BACERAC;26;010
BACOACHI;26;011
BÁCUM;26;012
BANÁMICHI;26;013
BAVIÁCORA;26;014
BAVISPE;26;015
BENJAMÍN HILL;26;016
CABORCA;26;017
CAJEME;26;018
CANANEA;26;019
CARBÓ;26;020
LA COLORADA;26;021
CUCURPE;26;022
CUMPAS;26;023
DIVISADEROS;26;024
EMPALME;26;025
ETCHOJOA;26;026
FRONTERAS;26;027
GRANADOS;26;028
GUAYMAS;26;029
HERMOSILLO;26;030
HUACHINERA;26;031
HUÁSABAS;26;032
HUATABAMPO;26;033
HUÉPAC;26;034
IMURIS;26;035
MAGDALENA;26;036
MAZATÁN;26;037
MOCTEZUMA;26;038
NACO;26;039
NÁCORI CHICO;26;040
NACOZARI DE GARCÍA;26;041
NAVOJOA;26;042
NOGALES;26;043
ONAVAS;26;044
OPODEPE;26;045
OQUITOA;26;046
PITIQUITO;26;047
PUERTO PEÑASCO;26;048
QUIRIEGO;26;049
RAYÓN;26;050
ROSARIO;26;051
SAHUARIPA;26;052
SAN FELIPE DE JESÚS;26;053
SAN JAVIER;26;054
SAN LUIS RÍO COLORADO;26;055
SAN MIGUEL DE HORCASITAS;26;056
SAN PEDRO DE LA CUEVA;26;057
SANTA ANA;26;058
SANTA CRUZ;26;059
SÁRIC;26;060
SOYOPA;26;061
SUAQUI GRANDE;26;062
TEPACHE;26;063
TRINCHERAS;26;064
TUBUTAMA;26;065
URES;26;066
VILLA HIDALGO;26;067
VILLA PESQUEIRA;26;068
YÉCORA;26;069
GENERAL PLUTARCO ELÍAS CALLES;26;070
BENITO JUÁREZ;26;071
SAN IGNACIO RÍO MUERTO;26;072
NO ESPECIFICADO;26;999
BALANCÁN;27;001
CÁRDENAS;27;002
CENTLA;27;003
CENTRO;27;004
COMALCALCO;27;005
CUNDUACÁN;27;006
EMILIANO ZAPATA;27;007
HUIMANGUILLO;27;008
JALAPA;27;009
JALPA DE MÉNDEZ;27;010
JONUTA;27;011
MACUSPANA;27;012
NACAJUCA;27;013
PARAÍSO;27;014
TACOTALPA;27;015
TEAPA;27;016
TENOSIQUE;27;017
NO ESPECIFICADO;27;999
ABASOLO;28;001
ALDAMA;28;002
ALTAMIRA;28;003
ANTIGUO MORELOS;28;004
BURGOS;28;005
BUSTAMANTE;28;006
CAMARGO;28;007
CASAS;28;008
CIUDAD MADERO;28;009
CRUILLAS;28;010
GÓMEZ FARÍAS;28;011
GONZÁLEZ;28;012
GÜÉMEZ;28;013
GUERRERO;28;014
GUSTAVO DÍAZ ORDAZ;28;015
HIDALGO;28;016
JAUMAVE;28;017
JIMÉNEZ;28;018
LLERA;28;019
MAINERO;28;020
EL MANTE;28;021
MATAMOROS;28;022
MÉNDEZ;28;023
MIER;28;024
MIGUEL ALEMÁN;28;025
MIQUIHUANA;28;026
NUEVO LAREDO;28;027
NUEVO MORELOS;28;028
OCAMPO;28;029
PADILLA;28;030
PALMILLAS;28;031
REYNOSA;28;032
RÍO BRAVO;28;033
SAN CARLOS;28;034
SAN FERNANDO;28;035
SAN NICOLÁS;28;036
SOTO LA MARINA;28;037
TAMPICO;28;038
TULA;28;039
VALLE HERMOSO;28;040
VICTORIA;28;041
VILLAGRÁN;28;042
XICOTÉNCATL;28;043
NO ESPECIFICADO;28;999
AMAXAC DE GUERRERO;29;001
APETATITLÁN DE ANTONIO CARVAJAL;29;002
ATLANGATEPEC;29;003
ATLTZAYANCA;29;004
APIZACO;29;005
CALPULALPAN;29;006
EL CARMEN TEQUEXQUITLA;29;007
CUAPIAXTLA;29;008
CUAXOMULCO;29;009
CHIAUTEMPAN;29;010
MUÑOZ DE DOMINGO ARENAS;29;011
ESPAÑITA;29;012
HUAMANTLA;29;013
HUEYOTLIPAN;29;014
IXTACUIXTLA DE MARIANO MATAMOROS;29;015
IXTENCO;29;016
MAZATECOCHCO DE JOSÉ MARÍA MORELOS;29;017
CONTLA DE JUAN CUAMATZI;29;018
TEPETITLA DE LARDIZÁBAL;29;019
SANCTÓRUM DE LÁZARO CÁRDENAS;29;020
NANACAMILPA DE MARIANO ARISTA;29;021
ACUAMANALA DE MIGUEL HIDALGO;29;022
NATÍVITAS;29;023
PANOTLA;29;024
SAN PABLO DEL MONTE;29;025
SANTA CRUZ TLAXCALA;29;026
TENANCINGO;29;027
TEOLOCHOLCO;29;028
TEPEYANCO;29;029
TERRENATE;29;030
TETLA DE LA SOLIDARIDAD;29;031
TETLATLAHUCA;29;032
TLAXCALA;29;033
TLAXCO;29;034
TOCATLÁN;29;035
TOTOLAC;29;036
ZILTLALTÉPEC DE TRINIDAD SÁNCHEZ SANTOS;29;037
TZOMPANTEPEC;29;038
XALOZTOC;29;039
XALTOCAN;29;040
PAPALOTLA DE XICOHTÉNCATL;29;041
XICOHTZINCO;29;042
YAUHQUEMEHCAN;29;043
ZACATELCO;29;044
BENITO JUÁREZ;29;045
EMILIANO ZAPATA;29;046
LÁZARO CÁRDENAS;29;047
LA MAGDALENA TLALTELULCO;29;048
SAN DAMIÁN TEXÓLOC;29;049
SAN FRANCISCO TETLANOHCAN;29;050
SAN JERÓNIMO ZACUALPAN;29;051
SAN JOSÉ TEACALCO;29;052
SAN JUAN HUACTZINCO;29;053
SAN LORENZO AXOCOMANITLA;29;054
SAN LUCAS TECOPILCO;29;055
SANTA ANA NOPALUCAN;29;056
SANTA APOLONIA TEACALCO;29;057
SANTA CATARINA AYOMETLA;29;058
SANTA CRUZ QUILEHTLA;29;059
SANTA ISABEL XILOXOXTLA;29;060
NO ESPECIFICADO;29;999
ACAJETE;30;001
ACATLÁN;30;002
ACAYUCAN;30;003
ACTOPAN;30;004
ACULA;30;005
ACULTZINGO;30;006
CAMARÓN DE TEJEDA;30;007
ALPATLÁHUAC;30;008
ALTO LUCERO DE GUTIÉRREZ BARRIOS;30;009
ALTOTONGA;30;010
ALVARADO;30;011
AMATITLÁN;30;012
NARANJOS AMATLÁN;30;013
AMATLÁN DE LOS REYES;30;014
ANGEL R. CABADA;30;015
LA ANTIGUA;30;016
APAZAPAN;30;017
AQUILA;30;018
ASTACINGA;30;019
ATLAHUILCO;30;020
ATOYAC;30;021
ATZACAN;30;022
ATZALAN;30;023
TLALTETELA;30;024
AYAHUALULCO;30;025
BANDERILLA;30;026
BENITO JUÁREZ;30;027
BOCA DEL RÍO;30;028
CALCAHUALCO;30;029
CAMERINO Z. MENDOZA;30;030
CARRILLO PUERTO;30;031
CATEMACO;30;032
CAZONES DE HERRERA;30;033
CERRO AZUL;30;034
CITLALTÉPETL;30;035
COACOATZINTLA;30;036
COAHUITLÁN;30;037
COATEPEC;30;038
COATZACOALCOS;30;039
COATZINTLA;30;040
COETZALA;30;041
COLIPA;30;042
COMAPA;30;043
CÓRDOBA;30;044
COSAMALOAPAN DE CARPIO;30;045
COSAUTLÁN DE CARVAJAL;30;046
COSCOMATEPEC;30;047
COSOLEACAQUE;30;048
COTAXTLA;30;049
COXQUIHUI;30;050
COYUTLA;30;051
CUICHAPA;30;052
CUITLÁHUAC;30;053
CHACALTIANGUIS;30;054
CHALMA;30;055
CHICONAMEL;30;056
CHICONQUIACO;30;057
CHICONTEPEC;30;058
CHINAMECA;30;059
CHINAMPA DE GOROSTIZA;30;060
LAS CHOAPAS;30;061
CHOCAMÁN;30;062
CHONTLA;30;063
CHUMATLÁN;30;064
EMILIANO ZAPATA;30;065
ESPINAL;30;066
FILOMENO MATA;30;067
FORTÍN;30;068
GUTIÉRREZ ZAMORA;30;069
HIDALGOTITLÁN;30;070
HUATUSCO;30;071
HUAYACOCOTLA;30;072
HUEYAPAN DE OCAMPO;30;073
HUILOAPAN DE CUAUHTÉMOC;30;074
IGNACIO DE LA LLAVE;30;075
ILAMATLÁN;30;076
ISLA;30;077
IXCATEPEC;30;078
IXHUACÁN DE LOS REYES;30;079
IXHUATLÁN DEL CAFÉ;30;080
IXHUATLANCILLO;30;081
IXHUATLÁN DEL SURESTE;30;082
IXHUATLÁN DE MADERO;30;083
IXMATLAHUACAN;30;084
IXTACZOQUITLÁN;30;085
JALACINGO;30;086
XALAPA;30;087
JALCOMULCO;30;088
JÁLTIPAN;30;089
JAMAPA;30;090
JESÚS CARRANZA;30;091
XICO;30;092
JILOTEPEC;30;093
JUAN RODRÍGUEZ CLARA;30;094
JUCHIQUE DE FERRER;30;095
LANDERO Y COSS;30;096
LERDO DE TEJADA;30;097
MAGDALENA;30;098
MALTRATA;30;099
MANLIO FABIO ALTAMIRANO;30;100
MARIANO ESCOBEDO;30;101
MARTÍNEZ DE LA TORRE;30;102
MECATLÁN;30;103
MECAYAPAN;30;104
MEDELLÍN DE BRAVO;30;105
MIAHUATLÁN;30;106
LAS MINAS;30;107
MINATITLÁN;30;108
MISANTLA;30;109
MIXTLA DE ALTAMIRANO;30;110
MOLOACÁN;30;111
NAOLINCO;30;112
NARANJAL;30;113
NAUTLA;30;114
NOGALES;30;115
OLUTA;30;116
OMEALCA;30;117
ORIZABA;30;118
OTATITLÁN;30;119
OTEAPAN;30;120
OZULUAMA DE MASCAREÑAS;30;121
PAJAPAN;30;122
PÁNUCO;30;123
PAPANTLA;30;124
PASO DEL MACHO;30;125
PASO DE OVEJAS;30;126
LA PERLA;30;127
PEROTE;30;128
PLATÓN SÁNCHEZ;30;129
PLAYA VICENTE;30;130
POZA RICA DE HIDALGO;30;131
LAS VIGAS DE RAMÍREZ;30;132
PUEBLO VIEJO;30;133
PUENTE NACIONAL;30;134
RAFAEL DELGADO;30;135
RAFAEL LUCIO;30;136
LOS REYES;30;137
RÍO BLANCO;30;138
SALTABARRANCA;30;139
SAN ANDRÉS TENEJAPAN;30;140
SAN ANDRÉS TUXTLA;30;141
SAN JUAN EVANGELISTA;30;142
SANTIAGO TUXTLA;30;143
SAYULA DE ALEMÁN;30;144
SOCONUSCO;30;145
SOCHIAPA;30;146
SOLEDAD ATZOMPA;30;147
SOLEDAD DE DOBLADO;30;148
SOTEAPAN;30;149
TAMALÍN;30;150
TAMIAHUA;30;151
TAMPICO ALTO;30;152
TANCOCO;30;153
TANTIMA;30;154
TANTOYUCA;30;155
TATATILA;30;156
CASTILLO DE TEAYO;30;157
TECOLUTLA;30;158
TEHUIPANGO;30;159
ÁLAMO TEMAPACHE;30;160
TEMPOAL;30;161
TENAMPA;30;162
TENOCHTITLÁN;30;163
TEOCELO;30;164
TEPATLAXCO;30;165
TEPETLÁN;30;166
TEPETZINTLA;30;167
TEQUILA;30;168
JOSÉ AZUETA;30;169
TEXCATEPEC;30;170
TEXHUACÁN;30;171
TEXISTEPEC;30;172
TEZONAPA;30;173
TIERRA BLANCA;30;174
TIHUATLÁN;30;175
TLACOJALPAN;30;176
TLACOLULAN;30;177
TLACOTALPAN;30;178
TLACOTEPEC DE MEJÍA;30;179
TLACHICHILCO;30;180
TLALIXCOYAN;30;181
TLALNELHUAYOCAN;30;182
TLAPACOYAN;30;183
TLAQUILPA;30;184
TLILAPAN;30;185
TOMATLÁN;30;186
TONAYÁN;30;187
TOTUTLA;30;188
TUXPAN;30;189
TUXTILLA;30;190
URSULO GALVÁN;30;191
VEGA DE ALATORRE;30;192
VERACRUZ;30;193
VILLA ALDAMA;30;194
XOXOCOTLA;30;195
YANGA;30;196
YECUATLA;30;197
ZACUALPAN;30;198
ZARAGOZA;30;199
ZENTLA;30;200
ZONGOLICA;30;201
ZONTECOMATLÁN DE LÓPEZ Y FUENTES;30;202
ZOZOCOLCO DE HIDALGO;30;203
AGUA DULCE;30;204
EL HIGO;30;205
NANCHITAL DE LÁZARO CÁRDENAS DEL RÍO;30;206
TRES VALLES;30;207
CARLOS A. CARRILLO;30;208
TATAHUICAPAN DE JUÁREZ;30;209
UXPANAPA;30;210
SAN RAFAEL;30;211
SANTIAGO SOCHIAPAN;30;212
NO ESPECIFICADO;30;999
ABALÁ;31;001
ACANCEH;31;002
AKIL;31;003
BACA;31;004
BOKOBÁ;31;005
BUCTZOTZ;31;006
CACALCHÉN;31;007
CALOTMUL;31;008
CANSAHCAB;31;009
CANTAMAYEC;31;010
CELESTÚN;31;011
CENOTILLO;31;012
CONKAL;31;013
CUNCUNUL;31;014
CUZAMÁ;31;015
CHACSINKÍN;31;016
CHANKOM;31;017
CHAPAB;31;018
CHEMAX;31;019
CHICXULUB PUEBLO;31;020
CHICHIMILÁ;31;021
CHIKINDZONOT;31;022
CHOCHOLÁ;31;023
CHUMAYEL;31;024
DZÁN;31;025
DZEMUL;31;026
DZIDZANTÚN;31;027
DZILAM DE BRAVO;31;028
DZILAM GONZÁLEZ;31;029
DZITÁS;31;030
DZONCAUICH;31;031
ESPITA;31;032
HALACHÓ;31;033
HOCABÁ;31;034
HOCTÚN;31;035
HOMÚN;31;036
HUHÍ;31;037
HUNUCMÁ;31;038
IXIL;31;039
IZAMAL;31;040
KANASÍN;31;041
KANTUNIL;31;042
KAUA;31;043
KINCHIL;31;044
KOPOMÁ;31;045
MAMA;31;046
MANÍ;31;047
MAXCANÚ;31;048
MAYAPÁN;31;049
MÉRIDA;31;050
MOCOCHÁ;31;051
MOTUL;31;052
MUNA;31;053
MUXUPIP;31;054
OPICHÉN;31;055
OXKUTZCAB;31;056
PANABÁ;31;057
PETO;31;058
PROGRESO;31;059
QUINTANA ROO;31;060
RÍO LAGARTOS;31;061
SACALUM;31;062
SAMAHIL;31;063
SANAHCAT;31;064
SAN FELIPE;31;065
SANTA ELENA;31;066
SEYÉ;31;067
SINANCHÉ;31;068
SOTUTA;31;069
SUCILÁ;31;070
SUDZAL;31;071
SUMA;31;072
TAHDZIÚ;31;073
TAHMEK;31;074
TEABO;31;075
TECOH;31;076
TEKAL DE VENEGAS;31;077
TEKANTÓ;31;078
TEKAX;31;079
TEKIT;31;080
TEKOM;31;081
TELCHAC PUEBLO;31;082
TELCHAC PUERTO;31;083
TEMAX;31;084
TEMOZÓN;31;085
TEPAKÁN;31;086
TETIZ;31;087
TEYA;31;088
TICUL;31;089
TIMUCUY;31;090
TINUM;31;091
TIXCACALCUPUL;31;092
TIXKOKOB;31;093
TIXMEHUAC;31;094
TIXPÉHUAL;31;095
TIZIMÍN;31;096
TUNKÁS;31;097
TZUCACAB;31;098
UAYMA;31;099
UCÚ;31;100
UMÁN;31;101
VALLADOLID;31;102
XOCCHEL;31;103
YAXCABÁ;31;104
YAXKUKUL;31;105
YOBAÍN;31;106
NO ESPECIFICADO;31;999
APOZOL;32;001
APULCO;32;002
ATOLINGA;32;003
BENITO JUÁREZ;32;004
CALERA;32;005
CAÑITAS DE FELIPE PESCADOR;32;006
CONCEPCIÓN DEL ORO;32;007
CUAUHTÉMOC;32;008
CHALCHIHUITES;32;009
FRESNILLO;32;010
TRINIDAD GARCÍA DE LA CADENA;32;011
GENARO CODINA;32;012
GENERAL ENRIQUE ESTRADA;32;013
GENERAL FRANCISCO R. MURGUÍA;32;014
EL PLATEADO DE JOAQUÍN AMARO;32;015
GENERAL PÁNFILO NATERA;32;016
GUADALUPE;32;017
HUANUSCO;32;018
JALPA;32;019
JEREZ;32;020
JIMÉNEZ DEL TEUL;32;021
JUAN ALDAMA;32;022
JUCHIPILA;32;023
LORETO;32;024
LUIS MOYA;32;025
MAZAPIL;32;026
MELCHOR OCAMPO;32;027
MEZQUITAL DEL ORO;32;028
MIGUEL AUZA;32;029
MOMAX;32;030
MONTE ESCOBEDO;32;031
MORELOS;32;032
MOYAHUA DE ESTRADA;32;033
NOCHISTLÁN DE MEJÍA;32;034
NORIA DE ÁNGELES;32;035
OJOCALIENTE;32;036
PÁNUCO;32;037
PINOS;32;038
RÍO GRANDE;32;039
SAIN ALTO;32;040
EL SALVADOR;32;041
SOMBRERETE;32;042
SUSTICACÁN;32;043
TABASCO;32;044
TEPECHITLÁN;32;045
TEPETONGO;32;046
TEÚL DE GONZÁLEZ ORTEGA;32;047
TLALTENANGO DE SÁNCHEZ ROMÁN;32;048
VALPARAÍSO;32;049
VETAGRANDE;32;050
VILLA DE COS;32;051
VILLA GARCÍA;32;052
VILLA GONZÁLEZ ORTEGA;32;053
VILLA HIDALGO;32;054
VILLANUEVA;32;055
ZACATECAS;32;056
TRANCOSO;32;057
SANTA MARÍA DE LA PAZ;32;058
NO ESPECIFICADO;32;999
NO ESPECIFICADO;36;999
NO APLICA;97;997
SE IGNORA;98;998
NO ESPECIFICADO;99;999